<?xml version="1.0" encoding="UTF-8"?>
<metadata xml:lang="es"><Esri><CreaDate>20211012</CreaDate><CreaTime>12474900</CreaTime><ArcGISFormat>1.0</ArcGISFormat><SyncOnce>TRUE</SyncOnce><DataProperties><lineage><Process ToolSource="c:\program files\arcgis\desktop10.5\ArcToolbox\Toolboxes\Data Management Tools.tbx\DeleteField" Date="20181024" Time="100725">DeleteField JJVV_INE Fuente;CUADRANTE;TERRITORIO;DELEGACIÓ;NOMB_TERRI</Process><Process ToolSource="c:\program files\arcgis\desktop10.5\ArcToolbox\Toolboxes\Data Management Tools.tbx\CalculateField" Date="20181024" Time="101112">CalculateField JJVV_INE DENS_POB "[TOT_PERSON] / [SUP_HA]" VB #</Process><Process ToolSource="c:\program files\arcgis\desktop10.5\ArcToolbox\Toolboxes\Data Management Tools.tbx\CalculateField" Date="20181025" Time="093149">CalculateField JJVV_INE No_indig "[TOT_PERSON] - [INDIG_ORIG]" VB #</Process><Process ToolSource="c:\program files\arcgis\desktop10.5\ArcToolbox\Toolboxes\Data Management Tools.tbx\CalculateField" Date="20181113" Time="111156">CalculateField JJVV_INE Nom_UV "Ultra Chol Chol" VB #</Process><Process ToolSource="c:\program files (x86)\arcgis\desktop10.8\ArcToolbox\Toolboxes\Data Management Tools.tbx\CalculateField" Date="20210527" Time="142512">CalculateField JJVV_rectif_2020 Zona "ROJO A" VB #</Process><Process ToolSource="c:\program files (x86)\arcgis\desktop10.8\ArcToolbox\Toolboxes\Data Management Tools.tbx\CalculateField" Date="20210527" Time="142652">CalculateField JJVV_rectif_2020 Zona "ROJO B" VB #</Process><Process ToolSource="c:\program files (x86)\arcgis\desktop10.8\ArcToolbox\Toolboxes\Data Management Tools.tbx\CalculateField" Date="20210527" Time="142831">CalculateField JJVV_rectif_2020 Zona "VERDE" VB #</Process><Process ToolSource="c:\program files (x86)\arcgis\desktop10.8\ArcToolbox\Toolboxes\Data Management Tools.tbx\CalculateField" Date="20210527" Time="142942">CalculateField JJVV_rectif_2020 Zona "AZUL" VB #</Process></lineage><itemProps><itemLocation><linkage Sync="TRUE">file://\\DESKTOP-4EB10OK\F\SIG\DIR_OBRAS\JJVV\SHAPES\JJVV_rectif_2020</linkage><protocol Sync="TRUE">Local Area Network</protocol></itemLocation></itemProps><copyHistory><copy source="F:\SIG\DIR_OBRAS\JJVV\JJVV_rectif_2020" dest="\\DESKTOP-4EB10OK\F\SIG\DIR_OBRAS\JJVV\SHAPES\JJVV_rectif_2020" date="20211012" time="12475700"></copy></copyHistory></DataProperties></Esri></metadata>
